epoch,custom_KLD,loss,val_custom_KLD,val_loss
0,0.25481707,0.8488208210313475,0.42184436,1.3210253101406675
